,Title,Author,Genre,Review
0, ★ Just as I Am," Cicely Tyson, Robin Miles ",Audio / Nonfiction / Biography & Memoir,Narrator Robin Miles bringing the same warmth and depth of characterization to Cicely Tyson’s memoir as she did to Isabel Wilkerson’s Caste.
1, ★ Red Island House, Andrea Lee ,Fiction / Literary Fiction,The stories of Andrea Lee’s Red Island House are vibrant and enchanting despite the current of dread that runs through the novel from the start.
2, ★ Flight of the Diamond Smugglers, Matthew Gavin Frank ,Nonfiction / Memoir / Animals,"Matthew Gavin Frank's Flight of the Diamond Smugglers is a fascinating exploration of the history of mining in South Africa, born of personal tragedy."
3,The One Thing You'd Save," Linda Sue Park, Robert Sae-Heng ",Children's / Middle Grade,"In The One Thing You’d Save, a teacher named Ms. Chang invites her students to participate in a thought exercise. If their house caught fire, what one thing would they choose to save? Each child, along with Ms. Chang, considers, chooses and then explains their selection."
4,The Daughters of Kobani, Gayle Tzemach Lemmon ,Nonfiction / History / Middle Eastern History,The story of how young Kurdish women brought down terrorists from the Islamic State group finally gets told in The Daughters of Kobani.
